{"cameraMode":{"drawMode":0,"name":"Shaded","section":"Shading Mode"},"sceneLighting":true,"audioPlay":false,"sceneViewState":{"m_AlwaysRefresh":false,"showFog":true,"showSkybox":true,"showFlares":true,"showImageEffects":true,"showParticleSystems":true,"showVisualEffectGraphs":true,"m_FxEnabled":true},"in2DMode":false,"pivot":{"x":307.01226806640627,"y":400.3811340332031,"z":-138.26803588867188},"rotation":{"x":0.06207190826535225,"y":-0.13521908223628999,"z":-0.008488107472658158,"w":-0.9888351559638977},"size":320.3487854003906,"orthographic":true}