{"cameraMode":{"drawMode":0,"name":"Shaded","section":"Shading Mode"},"sceneLighting":true,"audioPlay":false,"sceneViewState":{"m_AlwaysRefresh":false,"showFog":true,"showSkybox":true,"showFlares":true,"showImageEffects":true,"showParticleSystems":true,"showVisualEffectGraphs":true,"m_FxEnabled":true},"in2DMode":false,"pivot":{"x":0.9169000387191773,"y":1.2853071689605713,"z":1.0193402767181397},"rotation":{"x":0.043806128203868869,"y":0.7168347835540772,"z":-0.04522019252181053,"w":0.6943968534469605},"size":6.896273612976074,"orthographic":true}