{"cameraMode":{"drawMode":0,"name":"Shaded","section":"Shading Mode"},"sceneLighting":true,"audioPlay":false,"sceneViewState":{"m_AlwaysRefresh":false,"showFog":true,"showSkybox":true,"showFlares":true,"showImageEffects":true,"showParticleSystems":true,"showVisualEffectGraphs":true,"m_FxEnabled":true},"in2DMode":false,"pivot":{"x":-0.10143965482711792,"y":-0.5465950965881348,"z":-0.00867462158203125},"rotation":{"x":-0.45415160059928896,"y":-0.10329071432352066,"z":0.053109489381313327,"w":-0.8833157420158386},"size":11.391695022583008,"orthographic":true}