{"cameraMode":{"drawMode":0,"name":"Shaded","section":"Shading Mode"},"sceneLighting":true,"audioPlay":false,"sceneViewState":{"m_AlwaysRefresh":false,"showFog":true,"showSkybox":true,"showFlares":true,"showImageEffects":true,"showParticleSystems":true,"showVisualEffectGraphs":true,"m_FxEnabled":true},"in2DMode":false,"pivot":{"x":-0.10143965482711792,"y":-0.5465950965881348,"z":-0.00867462158203125},"rotation":{"x":-0.1302483081817627,"y":-0.3357812166213989,"z":0.04695071280002594,"w":-0.9317004084587097},"size":8.606922149658204,"orthographic":true}