{"cameraMode":{"drawMode":0,"name":"Shaded","section":"Shading Mode"},"sceneLighting":false,"audioPlay":false,"sceneViewState":{"m_AlwaysRefresh":false,"showFog":true,"showSkybox":false,"showFlares":true,"showImageEffects":true,"showParticleSystems":true,"showVisualEffectGraphs":true,"m_FxEnabled":true},"in2DMode":false,"pivot":{"x":2.2699999809265138,"y":0.040000006556510928,"z":-1.1920928955078126e-7},"rotation":{"x":0.004266826435923576,"y":-0.986522376537323,"z":0.02604777179658413,"w":0.16153013706207276},"size":0.8660284280776978,"orthographic":true}