{"cameraMode":{"drawMode":0,"name":"Shaded","section":"Shading Mode"},"sceneLighting":false,"audioPlay":false,"sceneViewState":{"m_AlwaysRefresh":false,"showFog":true,"showSkybox":false,"showFlares":true,"showImageEffects":true,"showParticleSystems":true,"showVisualEffectGraphs":true,"m_FxEnabled":true},"in2DMode":false,"pivot":{"x":2.2699999809265138,"y":0.040000006556510928,"z":-1.1920928955078126e-7},"rotation":{"x":0.2946958541870117,"y":-0.6878941059112549,"z":0.36682766675949099,"w":0.5526412129402161},"size":0.8660284280776978,"orthographic":true}