{"cameraMode":{"drawMode":0,"name":"Shaded","section":"Shading Mode"},"sceneLighting":false,"audioPlay":false,"sceneViewState":{"m_AlwaysRefresh":false,"showFog":true,"showSkybox":false,"showFlares":true,"showImageEffects":true,"showParticleSystems":true,"showVisualEffectGraphs":true,"m_FxEnabled":true},"in2DMode":false,"pivot":{"x":2.2699999809265138,"y":0.040000006556510928,"z":-1.1920928955078126e-7},"rotation":{"x":0.002836300525814295,"y":-0.6879504919052124,"z":0.0026761116459965708,"w":0.7257215976715088},"size":0.6569803357124329,"orthographic":true}